-- SELECT sig_classe, dsc_classe nom_classe FROM judiciario.classe WHERE flg_ativo = 'S' AND flg_admite_meio_eletronico = 'S' AND flg_admite_peticionador_web = 'S';
Insert into RECEBIMENTO.CLASSE_PETICIONAVEL (SIG_CLASSE,NOM_CLASSE) values ('ADI','AÇÃO DIRETA DE INCONSTITUCIONALIDADE');
Insert into RECEBIMENTO.CLASSE_PETICIONAVEL (SIG_CLASSE,NOM_CLASSE) values ('ACO','AÇÃO CÍVEL ORIGINÁRIA');
Insert into RECEBIMENTO.CLASSE_PETICIONAVEL (SIG_CLASSE,NOM_CLASSE) values ('HD','HABEAS DATA');
Insert into RECEBIMENTO.CLASSE_PETICIONAVEL (SIG_CLASSE,NOM_CLASSE) values ('MS','MANDADO DE SEGURANÇA');
Insert into RECEBIMENTO.CLASSE_PETICIONAVEL (SIG_CLASSE,NOM_CLASSE) values ('AO','AÇÃO ORIGINÁRIA');
Insert into RECEBIMENTO.CLASSE_PETICIONAVEL (SIG_CLASSE,NOM_CLASSE) values ('IF','INTERVENÇÃO FEDERAL');
Insert into RECEBIMENTO.CLASSE_PETICIONAVEL (SIG_CLASSE,NOM_CLASSE) values ('AR','AÇÃO RESCISÓRIA');
Insert into RECEBIMENTO.CLASSE_PETICIONAVEL (SIG_CLASSE,NOM_CLASSE) values ('SS','SUSPENSÃO DE SEGURANÇA');
Insert into RECEBIMENTO.CLASSE_PETICIONAVEL (SIG_CLASSE,NOM_CLASSE) values ('CC','CONFLITO DE COMPETÊNCIA');
Insert into RECEBIMENTO.CLASSE_PETICIONAVEL (SIG_CLASSE,NOM_CLASSE) values ('ADC','AÇÃO DECLARATÓRIA DE CONSTITUCIONALIDADE');
Insert into RECEBIMENTO.CLASSE_PETICIONAVEL (SIG_CLASSE,NOM_CLASSE) values ('AOE','AÇÃO ORIGINÁRIA ESPECIAL');
Insert into RECEBIMENTO.CLASSE_PETICIONAVEL (SIG_CLASSE,NOM_CLASSE) values ('AS','ARGÜIÇÃO DE SUSPEIÇÃO');
Insert into RECEBIMENTO.CLASSE_PETICIONAVEL (SIG_CLASSE,NOM_CLASSE) values ('ADPF','ARGÜIÇÃO DE DESCUMPRIMENTO DE PRECEITO FUNDAMENTAL');
Insert into RECEBIMENTO.CLASSE_PETICIONAVEL (SIG_CLASSE,NOM_CLASSE) values ('SL','SUSPENSÃO DE LIMINAR');
Insert into RECEBIMENTO.CLASSE_PETICIONAVEL (SIG_CLASSE,NOM_CLASSE) values ('Pet','PETIÇÃO');
Insert into RECEBIMENTO.CLASSE_PETICIONAVEL (SIG_CLASSE,NOM_CLASSE) values ('STA','SUSPENSÃO DE TUTELA ANTECIPADA');
Insert into RECEBIMENTO.CLASSE_PETICIONAVEL (SIG_CLASSE,NOM_CLASSE) values ('ADO','AÇÃO DIRETA DE INCONSTITUCIONALIDADE POR OMISSÃO');
Insert into RECEBIMENTO.CLASSE_PETICIONAVEL (SIG_CLASSE,NOM_CLASSE) values ('PSV','PROPOSTA DE SÚMULA VINCULANTE');
Insert into RECEBIMENTO.CLASSE_PETICIONAVEL (SIG_CLASSE,NOM_CLASSE) values ('AImp','ARGÜIÇÃO DE IMPEDIMENTO');
Insert into RECEBIMENTO.CLASSE_PETICIONAVEL (SIG_CLASSE,NOM_CLASSE) values ('EL','EXCEÇÃO DE LITISPENDÊNCIA');
Insert into RECEBIMENTO.CLASSE_PETICIONAVEL (SIG_CLASSE,NOM_CLASSE) values ('EI','EXCEÇÃO DE INCOMPETÊNCIA');
Insert into RECEBIMENTO.CLASSE_PETICIONAVEL (SIG_CLASSE,NOM_CLASSE) values ('HC','HABEAS CORPUS');
Insert into RECEBIMENTO.CLASSE_PETICIONAVEL (SIG_CLASSE,NOM_CLASSE) values ('Rcl','RECLAMAÇÃO');
Insert into RECEBIMENTO.CLASSE_PETICIONAVEL (SIG_CLASSE,NOM_CLASSE) values ('MI','MANDADO DE INJUNÇÃO');
Insert into RECEBIMENTO.CLASSE_PETICIONAVEL (SIG_CLASSE,NOM_CLASSE) values ('AC','AÇÃO CAUTELAR');
Insert into RECEBIMENTO.CLASSE_PETICIONAVEL (SIG_CLASSE,NOM_CLASSE) values ('RvC','REVISÃO CRIMINAL');

-- SELECT seq_tipo_preferencia seq_preferencia, dsc_preferencia nom_preferencia FROM judiciario.tipo_preferencia;
Insert into RECEBIMENTO.PREFERENCIA (SEQ_PREFERENCIA,NOM_PREFERENCIA) values (8,'Medida Liminar');
Insert into RECEBIMENTO.PREFERENCIA (SEQ_PREFERENCIA,NOM_PREFERENCIA) values (9,'Tutela Antecipada');
Insert into RECEBIMENTO.PREFERENCIA (SEQ_PREFERENCIA,NOM_PREFERENCIA) values (12,'Réu Preso');
Insert into RECEBIMENTO.PREFERENCIA (SEQ_PREFERENCIA,NOM_PREFERENCIA) values (13,'Convertido em processo eletrônico');
Insert into RECEBIMENTO.PREFERENCIA (SEQ_PREFERENCIA,NOM_PREFERENCIA) values (2,'Criminal');
Insert into RECEBIMENTO.PREFERENCIA (SEQ_PREFERENCIA,NOM_PREFERENCIA) values (3,'Eleitoral');
Insert into RECEBIMENTO.PREFERENCIA (SEQ_PREFERENCIA,NOM_PREFERENCIA) values (4,'Militar com Assunto Criminal');
Insert into RECEBIMENTO.PREFERENCIA (SEQ_PREFERENCIA,NOM_PREFERENCIA) values (5,'RE de Agravo Provido');
Insert into RECEBIMENTO.PREFERENCIA (SEQ_PREFERENCIA,NOM_PREFERENCIA) values (6,'Outros');
Insert into RECEBIMENTO.PREFERENCIA (SEQ_PREFERENCIA,NOM_PREFERENCIA) values (1,'Maior de 60 anos ou portador de doença grave');
Insert into RECEBIMENTO.PREFERENCIA (SEQ_PREFERENCIA,NOM_PREFERENCIA) values (7,'Indígena');
Insert into RECEBIMENTO.PREFERENCIA (SEQ_PREFERENCIA,NOM_PREFERENCIA) values (15,'Assistência Judiciária Gratuita');

-- SELECT sig_classe, seq_tipo_preferencia seq_preferencia FROM judiciario.classe_tipo_preferencia WHERE flg_ativo = 'S' AND sig_classe IN (SELECT sig_classe FROM judiciario.classe WHERE flg_ativo = 'S' AND flg_admite_meio_eletronico = 'S' AND flg_admite_peticionador_web = 'S');
Insert into RECEBIMENTO.CLASSE_PREFERENCIA (SIG_CLASSE,SEQ_PREFERENCIA) values ('ADI',3);
Insert into RECEBIMENTO.CLASSE_PREFERENCIA (SIG_CLASSE,SEQ_PREFERENCIA) values ('ADI',8);
Insert into RECEBIMENTO.CLASSE_PREFERENCIA (SIG_CLASSE,SEQ_PREFERENCIA) values ('ACO',2);
Insert into RECEBIMENTO.CLASSE_PREFERENCIA (SIG_CLASSE,SEQ_PREFERENCIA) values ('ACO',3);
Insert into RECEBIMENTO.CLASSE_PREFERENCIA (SIG_CLASSE,SEQ_PREFERENCIA) values ('ACO',12);
Insert into RECEBIMENTO.CLASSE_PREFERENCIA (SIG_CLASSE,SEQ_PREFERENCIA) values ('ACO',1);
Insert into RECEBIMENTO.CLASSE_PREFERENCIA (SIG_CLASSE,SEQ_PREFERENCIA) values ('ACO',8);
Insert into RECEBIMENTO.CLASSE_PREFERENCIA (SIG_CLASSE,SEQ_PREFERENCIA) values ('ACO',15);
Insert into RECEBIMENTO.CLASSE_PREFERENCIA (SIG_CLASSE,SEQ_PREFERENCIA) values ('HD',3);
Insert into RECEBIMENTO.CLASSE_PREFERENCIA (SIG_CLASSE,SEQ_PREFERENCIA) values ('HD',1);
Insert into RECEBIMENTO.CLASSE_PREFERENCIA (SIG_CLASSE,SEQ_PREFERENCIA) values ('HD',8);
Insert into RECEBIMENTO.CLASSE_PREFERENCIA (SIG_CLASSE,SEQ_PREFERENCIA) values ('MS',2);
Insert into RECEBIMENTO.CLASSE_PREFERENCIA (SIG_CLASSE,SEQ_PREFERENCIA) values ('MS',3);
Insert into RECEBIMENTO.CLASSE_PREFERENCIA (SIG_CLASSE,SEQ_PREFERENCIA) values ('MS',12);
Insert into RECEBIMENTO.CLASSE_PREFERENCIA (SIG_CLASSE,SEQ_PREFERENCIA) values ('MS',1);
Insert into RECEBIMENTO.CLASSE_PREFERENCIA (SIG_CLASSE,SEQ_PREFERENCIA) values ('MS',8);
Insert into RECEBIMENTO.CLASSE_PREFERENCIA (SIG_CLASSE,SEQ_PREFERENCIA) values ('MS',15);
Insert into RECEBIMENTO.CLASSE_PREFERENCIA (SIG_CLASSE,SEQ_PREFERENCIA) values ('AO',2);
Insert into RECEBIMENTO.CLASSE_PREFERENCIA (SIG_CLASSE,SEQ_PREFERENCIA) values ('AO',3);
Insert into RECEBIMENTO.CLASSE_PREFERENCIA (SIG_CLASSE,SEQ_PREFERENCIA) values ('AO',12);
Insert into RECEBIMENTO.CLASSE_PREFERENCIA (SIG_CLASSE,SEQ_PREFERENCIA) values ('AO',1);
Insert into RECEBIMENTO.CLASSE_PREFERENCIA (SIG_CLASSE,SEQ_PREFERENCIA) values ('AO',8);
Insert into RECEBIMENTO.CLASSE_PREFERENCIA (SIG_CLASSE,SEQ_PREFERENCIA) values ('AO',15);
Insert into RECEBIMENTO.CLASSE_PREFERENCIA (SIG_CLASSE,SEQ_PREFERENCIA) values ('IF',1);
Insert into RECEBIMENTO.CLASSE_PREFERENCIA (SIG_CLASSE,SEQ_PREFERENCIA) values ('IF',8);
Insert into RECEBIMENTO.CLASSE_PREFERENCIA (SIG_CLASSE,SEQ_PREFERENCIA) values ('AR',3);
Insert into RECEBIMENTO.CLASSE_PREFERENCIA (SIG_CLASSE,SEQ_PREFERENCIA) values ('AR',1);
Insert into RECEBIMENTO.CLASSE_PREFERENCIA (SIG_CLASSE,SEQ_PREFERENCIA) values ('AR',8);
Insert into RECEBIMENTO.CLASSE_PREFERENCIA (SIG_CLASSE,SEQ_PREFERENCIA) values ('AR',15);
Insert into RECEBIMENTO.CLASSE_PREFERENCIA (SIG_CLASSE,SEQ_PREFERENCIA) values ('SS',3);
Insert into RECEBIMENTO.CLASSE_PREFERENCIA (SIG_CLASSE,SEQ_PREFERENCIA) values ('SS',12);
Insert into RECEBIMENTO.CLASSE_PREFERENCIA (SIG_CLASSE,SEQ_PREFERENCIA) values ('SS',1);
Insert into RECEBIMENTO.CLASSE_PREFERENCIA (SIG_CLASSE,SEQ_PREFERENCIA) values ('SS',8);
Insert into RECEBIMENTO.CLASSE_PREFERENCIA (SIG_CLASSE,SEQ_PREFERENCIA) values ('SS',15);
Insert into RECEBIMENTO.CLASSE_PREFERENCIA (SIG_CLASSE,SEQ_PREFERENCIA) values ('CC',1);
Insert into RECEBIMENTO.CLASSE_PREFERENCIA (SIG_CLASSE,SEQ_PREFERENCIA) values ('CC',8);
Insert into RECEBIMENTO.CLASSE_PREFERENCIA (SIG_CLASSE,SEQ_PREFERENCIA) values ('ADC',3);
Insert into RECEBIMENTO.CLASSE_PREFERENCIA (SIG_CLASSE,SEQ_PREFERENCIA) values ('ADC',8);
Insert into RECEBIMENTO.CLASSE_PREFERENCIA (SIG_CLASSE,SEQ_PREFERENCIA) values ('AOE',1);
Insert into RECEBIMENTO.CLASSE_PREFERENCIA (SIG_CLASSE,SEQ_PREFERENCIA) values ('AOE',8);
Insert into RECEBIMENTO.CLASSE_PREFERENCIA (SIG_CLASSE,SEQ_PREFERENCIA) values ('AOE',15);
Insert into RECEBIMENTO.CLASSE_PREFERENCIA (SIG_CLASSE,SEQ_PREFERENCIA) values ('AS',2);
Insert into RECEBIMENTO.CLASSE_PREFERENCIA (SIG_CLASSE,SEQ_PREFERENCIA) values ('AS',3);
Insert into RECEBIMENTO.CLASSE_PREFERENCIA (SIG_CLASSE,SEQ_PREFERENCIA) values ('AS',1);
Insert into RECEBIMENTO.CLASSE_PREFERENCIA (SIG_CLASSE,SEQ_PREFERENCIA) values ('AS',8);
Insert into RECEBIMENTO.CLASSE_PREFERENCIA (SIG_CLASSE,SEQ_PREFERENCIA) values ('ADPF',3);
Insert into RECEBIMENTO.CLASSE_PREFERENCIA (SIG_CLASSE,SEQ_PREFERENCIA) values ('ADPF',8);
Insert into RECEBIMENTO.CLASSE_PREFERENCIA (SIG_CLASSE,SEQ_PREFERENCIA) values ('SL',2);
Insert into RECEBIMENTO.CLASSE_PREFERENCIA (SIG_CLASSE,SEQ_PREFERENCIA) values ('SL',3);
Insert into RECEBIMENTO.CLASSE_PREFERENCIA (SIG_CLASSE,SEQ_PREFERENCIA) values ('SL',12);
Insert into RECEBIMENTO.CLASSE_PREFERENCIA (SIG_CLASSE,SEQ_PREFERENCIA) values ('SL',1);
Insert into RECEBIMENTO.CLASSE_PREFERENCIA (SIG_CLASSE,SEQ_PREFERENCIA) values ('SL',8);
Insert into RECEBIMENTO.CLASSE_PREFERENCIA (SIG_CLASSE,SEQ_PREFERENCIA) values ('SL',15);
Insert into RECEBIMENTO.CLASSE_PREFERENCIA (SIG_CLASSE,SEQ_PREFERENCIA) values ('Pet',2);
Insert into RECEBIMENTO.CLASSE_PREFERENCIA (SIG_CLASSE,SEQ_PREFERENCIA) values ('Pet',3);
Insert into RECEBIMENTO.CLASSE_PREFERENCIA (SIG_CLASSE,SEQ_PREFERENCIA) values ('Pet',12);
Insert into RECEBIMENTO.CLASSE_PREFERENCIA (SIG_CLASSE,SEQ_PREFERENCIA) values ('Pet',1);
Insert into RECEBIMENTO.CLASSE_PREFERENCIA (SIG_CLASSE,SEQ_PREFERENCIA) values ('Pet',8);
Insert into RECEBIMENTO.CLASSE_PREFERENCIA (SIG_CLASSE,SEQ_PREFERENCIA) values ('Pet',15);
Insert into RECEBIMENTO.CLASSE_PREFERENCIA (SIG_CLASSE,SEQ_PREFERENCIA) values ('STA',3);
Insert into RECEBIMENTO.CLASSE_PREFERENCIA (SIG_CLASSE,SEQ_PREFERENCIA) values ('STA',12);
Insert into RECEBIMENTO.CLASSE_PREFERENCIA (SIG_CLASSE,SEQ_PREFERENCIA) values ('STA',1);
Insert into RECEBIMENTO.CLASSE_PREFERENCIA (SIG_CLASSE,SEQ_PREFERENCIA) values ('STA',8);
Insert into RECEBIMENTO.CLASSE_PREFERENCIA (SIG_CLASSE,SEQ_PREFERENCIA) values ('STA',15);
Insert into RECEBIMENTO.CLASSE_PREFERENCIA (SIG_CLASSE,SEQ_PREFERENCIA) values ('ADO',3);
Insert into RECEBIMENTO.CLASSE_PREFERENCIA (SIG_CLASSE,SEQ_PREFERENCIA) values ('ADO',8);
Insert into RECEBIMENTO.CLASSE_PREFERENCIA (SIG_CLASSE,SEQ_PREFERENCIA) values ('PSV',3);
Insert into RECEBIMENTO.CLASSE_PREFERENCIA (SIG_CLASSE,SEQ_PREFERENCIA) values ('AImp',2);
Insert into RECEBIMENTO.CLASSE_PREFERENCIA (SIG_CLASSE,SEQ_PREFERENCIA) values ('AImp',3);
Insert into RECEBIMENTO.CLASSE_PREFERENCIA (SIG_CLASSE,SEQ_PREFERENCIA) values ('AImp',1);
Insert into RECEBIMENTO.CLASSE_PREFERENCIA (SIG_CLASSE,SEQ_PREFERENCIA) values ('AImp',8);
Insert into RECEBIMENTO.CLASSE_PREFERENCIA (SIG_CLASSE,SEQ_PREFERENCIA) values ('EL',2);
Insert into RECEBIMENTO.CLASSE_PREFERENCIA (SIG_CLASSE,SEQ_PREFERENCIA) values ('EL',3);
Insert into RECEBIMENTO.CLASSE_PREFERENCIA (SIG_CLASSE,SEQ_PREFERENCIA) values ('EL',1);
Insert into RECEBIMENTO.CLASSE_PREFERENCIA (SIG_CLASSE,SEQ_PREFERENCIA) values ('EL',8);
Insert into RECEBIMENTO.CLASSE_PREFERENCIA (SIG_CLASSE,SEQ_PREFERENCIA) values ('EI',2);
Insert into RECEBIMENTO.CLASSE_PREFERENCIA (SIG_CLASSE,SEQ_PREFERENCIA) values ('EI',3);
Insert into RECEBIMENTO.CLASSE_PREFERENCIA (SIG_CLASSE,SEQ_PREFERENCIA) values ('EI',1);
Insert into RECEBIMENTO.CLASSE_PREFERENCIA (SIG_CLASSE,SEQ_PREFERENCIA) values ('EI',8);
Insert into RECEBIMENTO.CLASSE_PREFERENCIA (SIG_CLASSE,SEQ_PREFERENCIA) values ('HC',2);
Insert into RECEBIMENTO.CLASSE_PREFERENCIA (SIG_CLASSE,SEQ_PREFERENCIA) values ('HC',12);
Insert into RECEBIMENTO.CLASSE_PREFERENCIA (SIG_CLASSE,SEQ_PREFERENCIA) values ('HC',1);
Insert into RECEBIMENTO.CLASSE_PREFERENCIA (SIG_CLASSE,SEQ_PREFERENCIA) values ('HC',8);
Insert into RECEBIMENTO.CLASSE_PREFERENCIA (SIG_CLASSE,SEQ_PREFERENCIA) values ('Rcl',2);
Insert into RECEBIMENTO.CLASSE_PREFERENCIA (SIG_CLASSE,SEQ_PREFERENCIA) values ('Rcl',3);
Insert into RECEBIMENTO.CLASSE_PREFERENCIA (SIG_CLASSE,SEQ_PREFERENCIA) values ('Rcl',12);
Insert into RECEBIMENTO.CLASSE_PREFERENCIA (SIG_CLASSE,SEQ_PREFERENCIA) values ('Rcl',1);
Insert into RECEBIMENTO.CLASSE_PREFERENCIA (SIG_CLASSE,SEQ_PREFERENCIA) values ('Rcl',8);
Insert into RECEBIMENTO.CLASSE_PREFERENCIA (SIG_CLASSE,SEQ_PREFERENCIA) values ('Rcl',15);
Insert into RECEBIMENTO.CLASSE_PREFERENCIA (SIG_CLASSE,SEQ_PREFERENCIA) values ('MI',1);
Insert into RECEBIMENTO.CLASSE_PREFERENCIA (SIG_CLASSE,SEQ_PREFERENCIA) values ('MI',8);
Insert into RECEBIMENTO.CLASSE_PREFERENCIA (SIG_CLASSE,SEQ_PREFERENCIA) values ('AC',2);
Insert into RECEBIMENTO.CLASSE_PREFERENCIA (SIG_CLASSE,SEQ_PREFERENCIA) values ('AC',3);
Insert into RECEBIMENTO.CLASSE_PREFERENCIA (SIG_CLASSE,SEQ_PREFERENCIA) values ('AC',12);
Insert into RECEBIMENTO.CLASSE_PREFERENCIA (SIG_CLASSE,SEQ_PREFERENCIA) values ('AC',1);
Insert into RECEBIMENTO.CLASSE_PREFERENCIA (SIG_CLASSE,SEQ_PREFERENCIA) values ('AC',8);
Insert into RECEBIMENTO.CLASSE_PREFERENCIA (SIG_CLASSE,SEQ_PREFERENCIA) values ('AC',15);
Insert into RECEBIMENTO.CLASSE_PREFERENCIA (SIG_CLASSE,SEQ_PREFERENCIA) values ('RvC',2);
Insert into RECEBIMENTO.CLASSE_PREFERENCIA (SIG_CLASSE,SEQ_PREFERENCIA) values ('RvC',3);
Insert into RECEBIMENTO.CLASSE_PREFERENCIA (SIG_CLASSE,SEQ_PREFERENCIA) values ('RvC',12);
Insert into RECEBIMENTO.CLASSE_PREFERENCIA (SIG_CLASSE,SEQ_PREFERENCIA) values ('RvC',1);
Insert into RECEBIMENTO.CLASSE_PREFERENCIA (SIG_CLASSE,SEQ_PREFERENCIA) values ('RvC',8);
Insert into RECEBIMENTO.CLASSE_PREFERENCIA (SIG_CLASSE,SEQ_PREFERENCIA) values ('RvC',15);

-- SELECT seq_motivo_devolucao, dsc_motivo_devolucao FROM stf.motivo_devolucao;
Insert into RECEBIMENTO.MOTIVO_DEVOLUCAO (SEQ_MOTIVO_DEVOLUCAO,DSC_MOTIVO_DEVOLUCAO) values (1,'Faltam Peças');
Insert into RECEBIMENTO.MOTIVO_DEVOLUCAO (SEQ_MOTIVO_DEVOLUCAO,DSC_MOTIVO_DEVOLUCAO) values (2,'AI intempestivo');
Insert into RECEBIMENTO.MOTIVO_DEVOLUCAO (SEQ_MOTIVO_DEVOLUCAO,DSC_MOTIVO_DEVOLUCAO) values (3,'RE intempestivo');

Insert into RECEBIMENTO.MODELO_DEVOLUCAO (SEQ_MODELO_DOCUMENTO,NOM_MODELO_DOCUMENTO,SEQ_TIPO_DOCUMENTO,SEQ_DOCUMENTO_TEMPLATE) values (1,'Ofício de devolução de remessa',8,1);

Insert into RECEBIMENTO.MOTIVO_TIPO_DOCUMENTO (SEQ_MOTIVO_DEVOLUCAO, SEQ_TIPO_DOCUMENTO) values (1, 8);
Insert into RECEBIMENTO.MOTIVO_TIPO_DOCUMENTO (SEQ_MOTIVO_DEVOLUCAO, SEQ_TIPO_DOCUMENTO) values (2, 8);
Insert into RECEBIMENTO.MOTIVO_TIPO_DOCUMENTO (SEQ_MOTIVO_DEVOLUCAO, SEQ_TIPO_DOCUMENTO) values (3, 8);